Book_ID, Title                                                              , Author                                             , Author_Years, Genre         , Language, Subject                                                            , Category_Code, Release_Date  , Copyright_Status, Downloads      , EBook_No, Book_URL
     84, "Frankenstein; or, the modern prometheus"                          , Mary Wollstonecraft Shelley                        , 1797-1851   , Science & Tech, English , Frankenstein's monster (Fictitious character) -- Fiction           , Text         , "Oct 1, 1993" , N/A             , 97219 downloads, N/A     , https://www.gutenberg.org/ebooks/84
    345, Dracula                                                            , Bram Stoker                                        , 1847-1912   , Science & Tech, English , Whitby (England) -- Fiction                                        , Text         , "Oct 1, 1995" , N/A             , 93458 downloads, N/A     , https://www.gutenberg.org/ebooks/345
     43, The strange case of Dr. Jekyll and Mr. Hyde                        , Robert Louis Stevenson                             , 1850-1894   , Science & Tech, English , Multiple personality -- Fiction                                    , Text         , "Jun 27, 2008", N/A             , 89845 downloads, N/A     , https://www.gutenberg.org/ebooks/43
   8492, The King in Yellow                                                 , Robert W. Chambers                                 , 1865-1933   , Science & Tech, English , United States -- Social life and customs -- 19th century -- Fiction, Text         , "Jul 1, 2005" , N/A             , 82903 downloads, N/A     , https://www.gutenberg.org/ebooks/8492
  45839, Dracula                                                            , Bram Stoker                                        , 1847-1912   , Science & Tech, English , Whitby (England) -- Fiction                                        , Text         , "May 30, 2014", N/A             , 66403 downloads, N/A     , https://www.gutenberg.org/ebooks/45839
     42, The strange case of Dr. Jekyll and Mr. Hyde                        , Robert Louis Stevenson                             , 1850-1894   , Science & Tech, English , Multiple personality -- Fiction                                    , Text         , "Oct 1, 1992" , N/A             , 62593 downloads, N/A     , https://www.gutenberg.org/ebooks/42
  68283, The call of Cthulhu                                                , H. P. Lovecraft                                    , 1890-1937   , Science & Tech, English , Cthulhu (Fictitious character) -- Fiction                          , Text         , "Jun 10, 2022", N/A             , 53295 downloads, N/A     , https://www.gutenberg.org/ebooks/68283
  22541, The Misplaced Battleship                                           , Harry Harrison                                     , 1925-2012   , Science & Tech, English , "DiGriz, James Bolivar (Fictitious character) -- Fiction"          , Text         , "Sep 8, 2007" , N/A             , 52504 downloads, N/A     , https://www.gutenberg.org/ebooks/22541
  40284, The Sex Life of the Gods                                           , M. E. Knerr                                        , 1936-1999   , Science & Tech, English , Extraterrestrial beings -- Fiction                                 , Text         , "Jul 20, 2012", N/A             , 52253 downloads, N/A     , https://www.gutenberg.org/ebooks/40284
  70652, At the mountains of madness                                        , H. P. Lovecraft                                    , 1890-1937   , Science & Tech, English , Stone carving -- Fiction                                           , Text         , "Apr 27, 2023", N/A             , 49527 downloads, N/A     , https://www.gutenberg.org/ebooks/70652
  10002, The House on the Borderland                                        , William Hope Hodgson                               , 1877-1918   , Science & Tech, English , Science fiction                                                    , Text         , "Nov 1, 2003" , N/A             , 49466 downloads, N/A     , https://www.gutenberg.org/ebooks/10002
  68957, "Weird Tales, Volume 1, Number 1, March 1923: The unique magazine" , Various                                            , N/A         , Science & Tech, N/A     , N/A                                                                , N/A          , N/A           , N/A             , 48128 downloads, N/A     , https://www.gutenberg.org/ebooks/68957
  50133, The Dunwich horror                                                 , H. P. Lovecraft                                    , N/A         , Science & Tech, N/A     , N/A                                                                , N/A          , N/A           , N/A             , 47838 downloads, N/A     , https://www.gutenberg.org/ebooks/50133
  69608, "Weird Tales, Volume 1, Number 4, June, 1923: The unique magazine" , Various                                            , N/A         , Science & Tech, N/A     , N/A                                                                , N/A          , N/A           , N/A             , 47538 downloads, N/A     , https://www.gutenberg.org/ebooks/69608
  50290, Space Station 1                                                    , Frank Belknap Long                                 , N/A         , Science & Tech, N/A     , N/A                                                                , N/A          , N/A           , N/A             , 46929 downloads, N/A     , https://www.gutenberg.org/ebooks/50290
  30434, Occasion ... for Disaster                                          , Randall Garrett and Laurence M. Janifer            , N/A         , Science & Tech, N/A     , N/A                                                                , N/A          , N/A           , N/A             , 46828 downloads, N/A     , https://www.gutenberg.org/ebooks/30434
  26563, The Crack of Doom                                                  , Robert Cromie                                      , N/A         , Science & Tech, N/A     , N/A                                                                , N/A          , N/A           , N/A             , 46799 downloads, N/A     , https://www.gutenberg.org/ebooks/26563
  40361, The Air Pirate                                                     , Guy Thorne                                         , N/A         , Science & Tech, N/A     , N/A                                                                , N/A          , N/A           , N/A             , 46673 downloads, N/A     , https://www.gutenberg.org/ebooks/40361
  31469, The Shunned House                                                  , H. P. Lovecraft                                    , N/A         , Science & Tech, N/A     , N/A                                                                , N/A          , N/A           , N/A             , 46587 downloads, N/A     , https://www.gutenberg.org/ebooks/31469
  18151, Time Crime                                                         , H. Beam Piper                                      , N/A         , Science & Tech, N/A     , N/A                                                                , N/A          , N/A           , N/A             , 46244 downloads, N/A     , https://www.gutenberg.org/ebooks/18151
  20121, Lone Star Planet                                                   , John J. McGuire and H. Beam Piper                  , N/A         , Science & Tech, N/A     , N/A                                                                , N/A          , N/A           , N/A             , 45799 downloads, N/A     , https://www.gutenberg.org/ebooks/20121
  24149, The Ambulance Made Two Trips                                       , Murray Leinster                                    , N/A         , Science & Tech, N/A     , N/A                                                                , N/A          , N/A           , N/A             , 45390 downloads, N/A     , https://www.gutenberg.org/ebooks/24149
  23599, The Big Fix                                                        , George O. Smith                                    , N/A         , Science & Tech, N/A     , N/A                                                                , N/A          , N/A           , N/A             , 45029 downloads, N/A     , https://www.gutenberg.org/ebooks/23599
   2825, Undine                                                             , Freiherr de Friedrich Heinrich Karl La Motte-Fouqué, N/A         , Science & Tech, N/A     , N/A                                                                , N/A          , N/A           , N/A             , 36819 downloads, N/A     , https://www.gutenberg.org/ebooks/2825
     55, The Wonderful Wizard of Oz                                         , L. Frank Baum                                      , N/A         , Science & Tech, N/A     , N/A                                                                , N/A          , N/A           , N/A             , 32891 downloads, N/A     , https://www.gutenberg.org/ebooks/55
  22342, Supermind                                                          , Randall Garrett and Laurence M. Janifer            , N/A         , Science & Tech, N/A     , N/A                                                                , N/A          , N/A           , N/A             , 31219 downloads, N/A     , https://www.gutenberg.org/ebooks/22342
   1232, The Prince                                                         , Niccolò Machiavelli                                , N/A         , Science & Tech, N/A     , N/A                                                                , N/A          , N/A           , N/A             , 31199 downloads, N/A     , https://www.gutenberg.org/ebooks/1232
  76412, Le cas étrange du docteur Jekyll; Un logement pour la nuit (French), Robert Louis Stevenson                             , N/A         , Science & Tech, N/A     , N/A                                                                , N/A          , N/A           , N/A             , 30777 downloads, N/A     , https://www.gutenberg.org/ebooks/76412
  77092, She who sleeps :  A romance of New York and the Nile               , Sax Rohmer                                         , N/A         , Science & Tech, N/A     , N/A                                                                , N/A          , N/A           , N/A             , 30697 downloads, N/A     , https://www.gutenberg.org/ebooks/77092
  32562, """And That's How It Was, Officer"""                               , Ralph Sholto                                       , N/A         , Science & Tech, N/A     , N/A                                                                , N/A          , N/A           , N/A             , 30312 downloads, N/A     , https://www.gutenberg.org/ebooks/32562
     72, "Thuvia, maid of Mars"                                             , Edgar Rice Burroughs                               , N/A         , Science & Tech, N/A     , N/A                                                                , N/A          , N/A           , N/A             , 29830 downloads, N/A     , https://www.gutenberg.org/ebooks/72
  18857, A Journey to the Centre of the Earth                               , Jules Verne                                        , N/A         , Science & Tech, N/A     , N/A                                                                , N/A          , N/A           , N/A             , 29665 downloads, N/A     , https://www.gutenberg.org/ebooks/18857
  19476, A Honeymoon in Space                                               , George Chetwynd Griffith                           , N/A         , Science & Tech, N/A     , N/A                                                                , N/A          , N/A           , N/A             , 28678 downloads, N/A     , https://www.gutenberg.org/ebooks/19476
   1514, A Midsummer Night's Dream                                          , William Shakespeare                                , N/A         , Science & Tech, N/A     , N/A                                                                , N/A          , N/A           , N/A             , 28180 downloads, N/A     , https://www.gutenberg.org/ebooks/1514
   5000, The Notebooks of Leonardo Da Vinci — Complete                      , da Vinci Leonardo                                  , N/A         , Science & Tech, N/A     , N/A                                                                , N/A          , N/A           , N/A             , 27309 downloads, N/A     , https://www.gutenberg.org/ebooks/5000
  17157, Gulliver's Travels into Several Remote Regions of the World        , Jonathan Swift                                     , N/A         , Science & Tech, N/A     , N/A                                                                , N/A          , N/A           , N/A             , 25177 downloads, N/A     , https://www.gutenberg.org/ebooks/17157
   3207, Leviathan                                                          , Thomas Hobbes                                      , N/A         , Science & Tech, N/A     , N/A                                                                , N/A          , N/A           , N/A             , 25130 downloads, N/A     , https://www.gutenberg.org/ebooks/3207
  55201, The Republic of Plato                                              , Plato                                              , N/A         , Science & Tech, N/A     , N/A                                                                , N/A          , N/A           , N/A             , 25021 downloads, N/A     , https://www.gutenberg.org/ebooks/55201
   2087, Life and Letters of Charles Darwin — Volume 1                      , Charles Darwin                                     , N/A         , Science & Tech, N/A     , N/A                                                                , N/A          , N/A           , N/A             , 24476 downloads, N/A     , https://www.gutenberg.org/ebooks/2087
     86, A Connecticut Yankee in King Arthur's Court                        , Mark Twain                                         , N/A         , Science & Tech, N/A     , N/A                                                                , N/A          , N/A           , N/A             , 24266 downloads, N/A     , https://www.gutenberg.org/ebooks/86
  26000, The Sailor's Word-Book                                             , W. H. Smyth                                        , N/A         , Science & Tech, N/A     , N/A                                                                , N/A          , N/A           , N/A             , 24049 downloads, N/A     , https://www.gutenberg.org/ebooks/26000
   2739, More Letters of Charles Darwin — Volume 1                          , Charles Darwin                                     , N/A         , Science & Tech, N/A     , N/A                                                                , N/A          , N/A           , N/A             , 23178 downloads, N/A     , https://www.gutenberg.org/ebooks/2739
   4791, Voyage au Centre de la Terre (French)                              , Jules Verne                                        , N/A         , Science & Tech, N/A     , N/A                                                                , N/A          , N/A           , N/A             , 22575 downloads, N/A     , https://www.gutenberg.org/ebooks/4791
  14287, L'île mystérieuse (French)                                         , Jules Verne                                        , N/A         , Science & Tech, N/A     , N/A                                                                , N/A          , N/A           , N/A             , 22512 downloads, N/A     , https://www.gutenberg.org/ebooks/14287
   7370, Second Treatise of Government                                      , John Locke                                         , N/A         , Science & Tech, N/A     , N/A                                                                , N/A          , N/A           , N/A             , 21346 downloads, N/A     , https://www.gutenberg.org/ebooks/7370
  14988, Cicero's Tusculan Disputations                                     , Marcus Tullius Cicero                              , N/A         , Science & Tech, N/A     , N/A                                                                , N/A          , N/A           , N/A             , 19981 downloads, N/A     , https://www.gutenberg.org/ebooks/14988
   1497, The Republic                                                       , Plato                                              , N/A         , Science & Tech, N/A     , N/A                                                                , N/A          , N/A           , N/A             , 19879 downloads, N/A     , https://www.gutenberg.org/ebooks/1497
  59131, "The Natural History of Pliny, Volume 3 (of 6)"                    , the Elder Pliny                                    , N/A         , Science & Tech, N/A     , N/A                                                                , N/A          , N/A           , N/A             , 19671 downloads, N/A     , https://www.gutenberg.org/ebooks/59131
     35, The Time Machine                                                   , H. G. Wells                                        , N/A         , Science & Tech, N/A     , N/A                                                                , N/A          , N/A           , N/A             , 19345 downloads, N/A     , https://www.gutenberg.org/ebooks/35
  55987, Letters of Asa Gray; Vol. 2                                        , Asa Gray                                           , N/A         , Science & Tech, N/A     , N/A                                                                , N/A          , N/A           , N/A             , 18577 downloads, N/A     , https://www.gutenberg.org/ebooks/55987
